turbine_id,min_power,max_power,avg_power
1,1.5,4.5,3.0163978494623653
2,1.5,4.5,2.9836021505376347
3,1.5,4.5,2.97997311827957
4,1.5,4.5,2.9463709677419354
5,1.5,4.5,3.016532258064516
6,1.5,4.5,2.9838709677419355
7,1.5,4.5,3.0126344086021506
8,1.5,4.5,2.984811827956989
9,1.5,4.5,3.0028225806451614
10,1.5,4.5,3.006048387096774
11,1.5,4.5,2.9591397849462364
12,1.5,4.5,3.051209677419355
13,1.5,4.5,3.0313172043010757
14,1.5,4.5,3.017741935483871
15,1.5,4.5,3.0364247311827954
